,Country of Origin,Farm Name,Company,Altitude,Region,Number of Bags,Bag Weight,Harvest Year,Grading Date,Variety,Status,Processing Method,Aroma,Flavor,Aftertaste,Acidity,Body,Balance,Uniformity,Overall,Total Cup Points,Moisture Percentage,Category One Defects,Quakers,Color,Category Two Defects,Expiration,Certification Body,Mill
0,Colombia,Finca El Paraiso,Coffee Quality Union,1815.0,"Let's pay, Cauca",1,35 kg,2021 / 2022,"September 21st, 2022",Castillo,Completed,Double Anaerobic Washed,8.58,8.5,8.42,8.58,8.25,8.42,10.0,8.58,89.33,11.8,0,0,green,3,09/23,Japan Coffee Exchange,Castillo
1,Taiwan,Royal Bean Geisha Estate,Taiwan Coffee Laboratory,1200.0,No,1,80 kg,2021 / 2022,"November 15th, 2022",Gesha,Completed,Washed / Wet,8.5,8.5,7.92,8.0,7.92,8.25,10.0,8.5,87.58,10.5,0,0,blue-green,0,11/23,Taiwan Coffee Laboratory,Gesha
2,Laos,OKLAO coffee farms,Taiwan Coffee Laboratory,1300.0,Laos Borofen Plateau,19,25 kg,2021 / 2022,"November 15th, 2022",Java,Completed,Semi Washed,8.33,8.42,8.08,8.17,7.92,8.17,10.0,8.33,87.42,10.4,0,0,yellowish,2,11/23,Taiwan Coffee Laboratory,Java
3,Costa Rica,La Cumbre,Coffee Quality Union,1900.0,"Los Santos, Tarrazu",1,22 kg,2022,"September 21st, 2022",Gesha,Completed,Washed / Wet,8.08,8.17,8.17,8.25,8.17,8.08,10.0,8.25,87.17,11.8,0,0,green,0,09/23,Japan Coffee Exchange,Gesha
4,Colombia,Finca Santuario,Coffee Quality Union,1975.0,"Popayan, Cauca",2,24 kg,2022,"March 6th, 2023",Red Bourbon,Completed,"Honey,Mossto",8.33,8.33,8.08,8.25,7.92,7.92,10.0,8.25,87.08,11.6,0,2,yellow-green,2,03/24,Japan Coffee Exchange,Red Bourbon
5,Guatemala,La Colina,Taiwan Coffee Laboratory,1668.0,chimaltenango,5,30 kg,2022,"November 15th, 2022",Gesha,Completed,Washed / Wet,8.33,8.33,8.25,7.83,7.83,8.17,10.0,8.25,87.0,10.7,0,0,green,2,11/23,Taiwan Coffee Laboratory,Gesha
6,Taiwan,野牡丹咖啡莊園 Melastoma Coffee Estate,Taiwan Coffee Laboratory,1250.0,No,1,27 kg,2021 / 2022,"November 15th, 2022",Gesha,Completed,Washed / Wet,8.33,8.17,8.08,8.0,7.83,8.25,10.0,8.25,86.92,9.1,0,0,green,0,11/23,Taiwan Coffee Laboratory,Gesha
7,Taiwan,七彩琉璃咖啡莊園 Chi Tsai Liu Li Ecological Farm,Taiwan Coffee Laboratory,1200.0,No,1,90 kg,2021 / 2022,"November 15th, 2022",Sl34+Gesha,Completed,Natural / Dry,8.25,8.25,8.17,8.0,7.92,8.08,10.0,8.08,86.75,10.0,0,0,yellow green,1,11/23,Taiwan Coffee Laboratory,Sl34+Gesha
8,Taiwan,亮軒咖啡莊園 Liang Xuan Coffee Farm,Taiwan Coffee Laboratory,1250.0,No,1,30 kg,2021 / 2022,"November 15th, 2022",SL34,Completed,Washed / Wet,8.08,8.08,8.25,8.08,7.92,8.0,10.0,8.25,86.67,10.8,0,0,greenish,0,11/23,Taiwan Coffee Laboratory,SL34
9,"Tanzania, United Republic Of",MASHIMA AMCOS,DORMAN (T) LIMITED,1550.0,KILIMANJARO,320,60 kg,2022 / 2023,"February 1st, 2023",Bourbon,Completed,Washed / Wet,8.08,8.17,8.08,8.17,8.0,8.0,10.0,8.0,86.5,11.0,0,0,greenish,0,02/24,Kenya Coffee Traders Association,Bourbon
10,Ethiopia,TADE GG,"Marubeni corp.,",2000.0,Click,10,30 kg,2021 / 2022,"May 31st, 2022",Ethiopian Heirlooms,Completed,Natural / Dry,8.08,8.25,8.0,8.08,7.92,7.92,10.0,8.0,86.25,11.8,0,1,greenish,1,05/23,Japan Coffee Exchange,Ethiopian Heirlooms
11,Guatemala,Karen Acajabon Coffee Farm,Taiwan Coffee Laboratory,2000.0,acatenango,5,15 kg,2021,"November 15th, 2022",Gesha,Completed,Natural / Dry,8.08,8.0,8.0,7.75,8.25,8.17,10.0,8.0,86.25,11.5,0,0,brownish,1,11/23,Taiwan Coffee Laboratory,Gesha
12,Taiwan,古峰咖啡莊園 Goodfun Coffee Farm,Taiwan Coffee Laboratory,1250.0,Yunlin,1,60 kg,2021 / 2022,"November 15th, 2022",Gesha,Completed,Washed / Wet,8.08,8.0,8.08,8.08,8.0,8.0,10.0,8.0,86.25,11.9,0,0,green,0,11/23,Taiwan Coffee Laboratory,Gesha
13,Ethiopia,Gelana Geisha,Kerchanshe Trading PLC,1950.0,Click,40,60 kg,2021 / 2022,"August 26th, 2022",Gesha,Completed,Natural / Dry,7.67,8.17,8.0,8.33,8.0,8.0,10.0,8.0,86.17,11.6,0,3,yellow- green,2,08/23,METAD Agricultural Development plc,Gesha
14,Colombia,La Gaitania,Taiwan Coffee Laboratory,1850.0,tolima,70,35 kg,2021 / 2022,"November 15th, 2022",Caturra,Completed,Washed / Wet,8.08,8.0,8.08,7.92,8.08,8.0,10.0,8.0,86.17,10.6,0,0,green,0,11/23,Taiwan Coffee Laboratory,Caturra
15,Taiwan,青葉咖啡莊園,Taiwan Coffee Laboratory,1100.0,No,1,60 kg,2021 / 2022,"November 15th, 2022",SL34,Completed,Pulped natural / honey,8.17,8.08,8.0,7.92,8.0,7.92,10.0,8.0,86.08,10.2,0,0,green,0,11/23,Taiwan Coffee Laboratory,SL34
16,Ethiopia,Halo Bariti Cooprative,Coffee Quality Union,2000.0,"Gedeb,Yirgacheffe,Sidamo",8,5 kg,2022,"April 7th, 2023","Wolishalo,Kurume,Dega",Completed,Washed / Wet,8.17,8.08,7.92,8.17,7.75,7.92,10.0,8.08,86.08,11.3,0,2,green,2,04/24,Japan Coffee Exchange,"Wolishalo,Kurume,Dega"
17,Taiwan,東璧咖啡莊園,Dongbi coffee,1300.0,"Shibi, Gukeng Township, Yunlin County Postal Code , Taiwan (R.O.C.)",5,2 kg,2022,"October 24th, 2022",Gesha,Completed,Natural / Dry,8.0,8.17,8.0,7.92,7.92,7.92,10.0,8.17,86.08,10.3,0,0,yellow-green,0,10/23,Blossom Valley International,Gesha
18,Taiwan,櫻桃果古坑咖啡莊園,宸嶧國際有限公司,1200.0,"Gukeng Township, Yunlin County",8,1 kg,2021 / 2022,"October 24th, 2022",Gesha,Completed,Natural / Dry,8.08,8.17,7.75,7.92,7.83,8.0,10.0,8.17,85.92,11.0,0,0,brownish,1,10/23,Blossom Valley International,Gesha
19,"Tanzania, United Republic Of",BURKA,DORMAN (T) LIMITED,1585.0,Arusha,200,30 kg,2022 / 2023,"February 1st, 2023",Bourbon,Completed,Washed / Wet,8.17,8.0,7.92,7.92,8.17,7.75,10.0,7.92,85.83,10.0,0,0,greenish,0,02/24,Kenya Coffee Traders Association,Bourbon
20,Guatemala,Finca Vista Hermosa,Taiwan Coffee Laboratory,1900.0,"Guatemala, Fraijanes, Santa Rosa",8,30 kg,2021 / 2022,"November 15th, 2022",Gesha,Completed,Natural / Dry,8.0,7.92,8.08,7.92,7.75,8.0,10.0,8.08,85.75,11.6,0,0,yellowish,0,11/23,Taiwan Coffee Laboratory,Gesha
21,Taiwan,仲大叔咖啡莊園Uncle Chung.s Coffee Farm,Taiwan Coffee Laboratory,850.0,Zhuoxi Township,1,20 kg,2022,"December 12th, 2022",Typica,Completed,Natural / Dry,8.08,8.0,7.92,7.92,8.0,7.83,10.0,7.92,85.67,10.4,0,0,green,0,12/23,Taiwan Coffee Laboratory,Typica
22,Thailand,Hom Doi,Lyrose,1600.0,Chiang Mai,2,1 kg,2021 / 2022,"August 16th, 2022",Catimor,Completed,Pulped natural / honey,7.67,8.0,7.83,8.0,8.08,8.0,10.0,8.08,85.67,9.8,0,0,browish-green,5,08/23,FABB Academy of Coffee,Catimor
23,Colombia,El Diamante,Coffee Quality Union,1350.0,Come on,6,5 kg,2022,"April 7th, 2023",Castillo Paraguaycito,Completed,Unknown,8.08,8.0,7.83,8.17,7.75,7.83,10.0,8.0,85.67,11.3,0,0,brownish,2,04/24,Japan Coffee Exchange,Castillo Paraguaycito
24,Taiwan,永舜咖啡莊園,Taiwan Coffee Laboratory,1250.0,Yunlin,4,50 kg,2021 / 2022,"November 15th, 2022",SL34,Completed,Washed / Wet,7.83,8.0,7.92,8.0,8.0,7.92,10.0,7.92,85.58,10.6,0,0,bluish-green,0,11/23,Taiwan Coffee Laboratory,SL34
25,Brazil,Fazenda Recreio,"WIT wealth, investments & trust",1250.0,Volcanic Region,25,60 kg,2022,"January 6th, 2023",Unknown,Completed,Pulped natural / honey,7.83,8.08,7.83,7.92,8.0,7.83,10.0,8.0,85.5,11.3,2,0,green,3,01/24,Brazil Specialty Coffee Association,Unknown
26,Taiwan,鄒築園ZouZhouYuan,Taiwan Coffee Laboratory,1300.0,No,1,100 kg,2021 / 2022,"November 15th, 2022",Gesha,Completed,Natural / Dry,7.92,7.92,8.0,7.92,7.83,7.92,10.0,8.0,85.5,9.1,0,0,green,2,11/23,Taiwan Coffee Laboratory,Gesha
27,Taiwan,嵩岳咖啡莊園,Taiwan Coffee Laboratory,1200.0,Yunlin,1,90 kg,2021 / 2022,"November 15th, 2022",Gesha,Completed,Natural / Dry,8.17,8.08,7.92,8.0,7.58,7.83,10.0,7.92,85.5,10.6,0,0,green,0,11/23,Taiwan Coffee Laboratory,Gesha
28,Taiwan,他扶芽有機農園,Taiwan Coffee Laboratory,1060.0,No,1,85 kg,2021 / 2022,"November 15th, 2022",Gesha,Completed,Natural / Dry,8.0,8.0,8.0,7.92,7.75,7.92,10.0,7.92,85.5,10.2,0,0,blue-green,0,11/23,Taiwan Coffee Laboratory,Gesha
29,United States (Hawaii),Hokukano Ranch,Taiwan Coffee Laboratory,600.0,Kona,80,15 kg,2021 / 2022,"November 15th, 2022",Typica,Completed,Washed / Wet,8.0,7.92,8.0,7.83,7.67,8.0,10.0,8.0,85.42,9.3,0,0,green,0,11/23,Taiwan Coffee Laboratory,Typica
30,Taiwan,鄉庭有機農場Siang-Ting Organic Farm,Taiwan Coffee Laboratory,200.0,Shoufeng Township,3,48 kg,2022,"December 12th, 2022",Typica,Completed,Washed / Wet,8.0,8.0,7.83,7.83,7.75,7.92,10.0,8.08,85.42,11.4,0,0,bluish-green,0,12/23,Taiwan Coffee Laboratory,Typica
31,Taiwan,鄉庭有機農場Siang-Ting Organic Farm,Taiwan Coffee Laboratory,200.0,Shoufeng Township,3,50 kg,2022,"December 12th, 2022",Typica,Completed,Washed / Wet,7.92,8.0,7.83,7.92,7.83,7.83,10.0,8.0,85.33,10.8,0,0,green,0,12/23,Taiwan Coffee Laboratory,Typica
32,Taiwan,金讚咖啡農莊園(Jinzan Coffee Estate),Taiwan Coffee Laboratory,668.0,"Dongshan Dist., Tainan City",4,5 kg,2022,"June 8th, 2022",Gesha,Completed,Washed / Wet,8.08,8.17,7.67,7.83,7.67,7.92,10.0,8.0,85.33,11.3,0,0,green,0,06/23,Taiwan Coffee Laboratory,Gesha
33,Ethiopia,Eshetu farm,Alo Coffee,1950.0,Oromia,320,60 kg,2021 / 2022,"June 6th, 2022",Ethiopian Heirlooms,Completed,Washed / Wet,7.67,7.83,7.83,8.0,8.0,8.0,10.0,8.0,85.33,9.9,0,2,green,3,06/23,METAD Agricultural Development plc,Ethiopian Heirlooms
34,Ethiopia,Uraga Bisrat washing station,TADESSE DESTA IMPORT & EXPORT,2250.0,Southern Ethiopia Guji,320,60 kg,2021 / 2022,"September 30th, 2022",Ethiopian Heirlooms,Completed,Natural / Dry,8.0,8.08,8.0,8.0,7.67,7.75,10.0,7.83,85.33,12.3,0,3,yellow green,4,09/23,METAD Agricultural Development plc,Ethiopian Heirlooms
35,Ethiopia,YHAENU PLC FARM,yhaenu plc,1700.0,OROMIA,320,19200 kg,2021 / 2022,"December 12th, 2022",Ethiopian Heirlooms,Completed,Washed / Wet,7.92,7.75,7.83,8.17,8.0,7.75,10.0,7.83,85.25,9.4,0,1,greenish,1,12/23,METAD Agricultural Development plc,Ethiopian Heirlooms
36,Taiwan,卓武山咖啡農場,Taiwan Coffee Laboratory,1200.0,No,1,100 kg,2021 / 2022,"November 15th, 2022",Gesha,Completed,Washed / Wet,8.0,7.92,7.83,7.92,7.83,7.83,10.0,7.92,85.25,9.5,0,0,bluish-green,0,11/23,Taiwan Coffee Laboratory,Gesha
37,Taiwan,御香咖啡園 YU SIANG Coffee Estate,Taiwan Coffee Laboratory,650.0,"Dongshan Dist., Tainan City",20,5 kg,2022,"June 8th, 2022",Gesha,Completed,Pulped natural / honey,8.25,8.08,7.83,7.75,7.67,7.75,10.0,7.92,85.25,11.3,0,0,green,0,06/23,Taiwan Coffee Laboratory,Gesha
38,Kenya,Small Holder,IBERO (K) LTD,1750.0,Central,300,60 kg,2022 / 2023,"February 28th, 2023",SL28,Completed,Washed / Wet,8.17,7.75,7.83,7.58,7.92,8.0,10.0,8.0,85.25,9.2,0,0,greenish,1,02/24,Kenya Coffee Traders Association,SL28
39,Taiwan,皇庭咖啡莊園,宸嶧國際有限公司,850.0,"Caoling , Gukeng Township, Yunlin County",20,1 kg,2017 / 2018,"October 24th, 2022",Gesha,Completed,Washed / Wet,7.75,7.92,7.75,8.0,7.83,7.92,10.0,8.0,85.17,10.3,0,0,bluish-green,0,10/23,Blossom Valley International,Gesha
40,Taiwan,花蓮縣秀林鄉特用作物（咖啡）產銷第一班Agriculture Production and Marketing Groups of Hualien Shlin township special crop (coffee) 1st class,Taiwan Coffee Laboratory,400.0,Show Linxia Township,1,10 kg,2022,"December 12th, 2022",Typica,Completed,Natural / Dry,8.0,7.92,7.83,7.92,7.75,7.75,10.0,7.92,85.08,10.0,0,0,brownish,0,12/23,Taiwan Coffee Laboratory,Typica
41,Taiwan,八一高地,茂泰生技股份有限公司,1000.0,"Pingtung, Taiwan",1,2 kg,2021 / 2022,"December 30th, 2022",Typica,Completed,Washed / Wet,8.0,8.08,7.67,7.75,7.92,7.83,10.0,7.83,85.08,10.5,0,0,greenish,0,12/23,Taiwan Coffee Laboratory,Typica
42,Taiwan,香夾蘭莊園,Taiwu Coffee Cooperative,800.0,Miaoli County,1,50 kg,2021 / 2022,"January 6th, 2023",Gesha,Completed,Washed / Wet,8.0,7.92,7.67,8.0,7.75,7.83,10.0,7.92,85.08,10.0,0,0,pale yellow,5,01/24,Taiwan Coffee Laboratory,Gesha
43,Uganda,Gideon Kule,Kyagalanyi Coffee Limited,1905.0,Rwenzori,320,60 kg,2021 / 2022,"June 29th, 2022",SL14,Completed,Washed / Wet,8.0,7.92,7.75,7.75,7.75,7.92,10.0,7.92,85.0,11.0,0,0,green,1,06/23,Uganda Coffee Development Authority,SL14
44,Taiwan,愛姬咖啡莊園iGfarm,Taiwan Coffee Laboratory,150.0,Shoufeng Township,1,50 kg,2021 / 2022,"December 12th, 2022",Typica,Completed,Unknown,7.92,8.0,7.92,8.0,7.58,7.75,10.0,7.83,85.0,10.9,0,0,green,0,12/23,Taiwan Coffee Laboratory,Typica
45,Taiwan,青山坪咖啡農場,Taiwan Coffee Laboratory,800.0,Yunlin,6,50 kg,2021 / 2022,"November 15th, 2022",Gesha,Completed,Natural / Dry,8.17,8.08,7.83,7.67,7.67,7.75,10.0,7.83,85.0,10.1,0,0,yellow green,0,11/23,Taiwan Coffee Laboratory,Gesha
46,Guatemala,varias fincas,"Peter Schoenfeld, S.A.",1600.0,Antigua,600,30 kg,2022 / 2023,"April 17th, 2023",Caturra,Completed,Washed / Wet,7.67,8.08,7.67,8.0,7.92,7.83,10.0,7.83,85.0,9.9,0,1,green,1,04/24,National Coffee Association,Caturra
47,Guatemala,PEÑA BLANCA,"OLAM AGRO GUATEMALA, S.A.",4700.0,Santa Rosa,632,30 kg,2022 / 2023,"February 23rd, 2023",Catuai,Completed,Washed / Wet,7.67,8.0,7.75,7.92,8.0,7.83,10.0,7.83,85.0,11.3,0,0,green,4,02/24,National Coffee Association,Catuai
48,Guatemala,san francisco cotzal,"inmobiliaria e inversiones dos mil, s.a.",1600.0,quiche,275,69 kg,2021 / 2022,"June 22nd, 2022",Caturra,Completed,Washed / Wet,7.83,7.92,7.75,8.0,7.75,7.75,10.0,7.92,84.92,11.7,0,3,green,1,06/23,National Coffee Association,Caturra
49,Taiwan,六曲窩,Taiwu Coffee Cooperative,375.0,Hsinchu County,1,13 kg,2021 / 2022,"January 6th, 2023",Typica,Completed,Washed / Wet,7.92,7.92,7.83,7.83,7.75,7.83,10.0,7.83,84.92,9.5,0,0,green,2,01/24,Taiwan Coffee Laboratory,Typica
50,Taiwan,北平山林,Taiwu Coffee Cooperative,230.0,Hsinchu County,1,4 kg,2021 / 2022,"January 6th, 2023",Yellow Bourbon,Completed,Natural / Dry,8.0,8.0,7.75,7.75,7.67,7.75,10.0,7.92,84.83,9.7,0,0,brownish,0,01/24,Taiwan Coffee Laboratory,Yellow Bourbon
51,Indonesia,PT Indo CafCo North Sumatera,InterAmerican Coffee,1200.0,Central Aceh,320,60 kg,2022,"September 23rd, 2022",Catimor,Completed,Unknown,7.83,7.92,7.75,7.83,7.83,7.83,10.0,7.83,84.83,11.9,0,3,bluish-green,2,09/23,NKG Quality Service (a division of Bernhard Rothfos Intercafé AG),Catimor
52,Peru,Ruya Yayu Farm,Taiwan Coffee Laboratory,1750.0,Villa Rica,3,5 kg,2022,"November 15th, 2022",Gesha,Completed,Washed / Wet,8.0,8.0,7.83,7.83,7.58,7.83,10.0,7.75,84.83,10.7,0,0,greenish,0,11/23,Taiwan Coffee Laboratory,Gesha
53,"Tanzania, United Republic Of",IYENGA,VOLCAFE/TaylorWinch Tanzania Ltd,1654.0,Mbeya,620,30 kg,2022 / 2023,"November 9th, 2022",Bourbon,Completed,Washed / Wet,7.92,7.75,7.75,7.92,7.83,7.83,10.0,7.83,84.83,11.2,0,0,greenish,0,11/23,Kenya Coffee Traders Association,Bourbon
54,Taiwan,優遊吧斯瑪翡咖啡莊園,Taiwan Coffee Laboratory,1300.0,No,1,25 kg,2021 / 2022,"November 15th, 2022",SL34,Completed,Natural / Dry,7.83,7.83,7.67,7.67,7.83,8.0,10.0,8.0,84.83,9.5,0,0,greenish,0,11/23,Taiwan Coffee Laboratory,SL34
55,Taiwan,森悅高峰咖啡莊園,Taiwan Coffee Laboratory,1400.0,Nantou,1,30 kg,2021 / 2022,"November 15th, 2022",SL34,Completed,Washed / Wet,7.67,7.92,7.92,7.83,7.75,7.83,10.0,7.83,84.75,10.4,0,0,green,0,11/23,Taiwan Coffee Laboratory,SL34
56,Brazil,Fazenda Guariroba,Mirai Seeds Corp.,1100.0,Field of Strands,5,36 kg,2022,"February 13th, 2023",Yellow Bourbon,Completed,Double Carbonic Maceration / Natural,7.83,7.92,7.75,7.92,7.67,7.83,10.0,7.83,84.75,11.2,0,1,green,5,02/24,Japan Coffee Exchange,Yellow Bourbon
57,Panama,La Santa,Panamerican Coffee Trading,1200.0,Blowjob,200,30 kg,2022 / 2023,"April 26th, 2023",Catuai,Completed,Washed / Wet,7.83,7.83,7.75,7.92,7.83,7.75,10.0,7.83,84.75,10.3,0,1,bluish-green,5,04/24,Specialty Coffee Association of Costa Rica,Catuai
58,Taiwan,嵐雲綠海咖啡,茂泰生技股份有限公司,1200.0,"Pingtung, Taiwan",1,2 kg,2021 / 2022,"December 30th, 2022",Yellow Bourbon,Completed,Pulped natural / honey,7.92,8.08,7.67,7.92,7.67,7.75,10.0,7.75,84.75,10.0,0,0,blue-green,0,12/23,Taiwan Coffee Laboratory,Yellow Bourbon
59,Guatemala,Varias Fincas,"Peter Schoenfeld, S.A.",1600.0,Huehuetenango,600,30 kg,2022 / 2023,"April 28th, 2023",Caturra,Completed,Washed / Wet,7.67,8.0,7.67,7.83,7.92,7.67,10.0,7.92,84.67,10.6,0,0,green,1,04/24,National Coffee Association,Caturra
60,Guatemala,SAN RAFAEL URIAS VALDES,"VALBROS, S. A.",4895.0,ANTIGUA GUATEMALA,66,30 kg,2021 / 2022,"May 19th, 2022",Bourbon,Completed,Natural / Dry,7.83,8.0,7.67,7.83,7.75,7.75,10.0,7.83,84.67,10.9,0,3,yellow-green,2,05/23,National Coffee Association,Bourbon
61,Costa Rica,Gamboa Farm,CECA S.A.,1850.0,Terrazzo,260,69 kg,2022 / 2023,"April 19th, 2023",Caturra,Completed,Washed / Wet,7.58,7.83,7.5,7.67,7.83,7.67,10.0,8.58,84.67,10.0,0,1,green,2,04/24,Specialty Coffee Association of Costa Rica,Caturra
62,Taiwan,羅馬8號莊園,Taiwu Coffee Cooperative,250.0,Hsinchu County,1,16 kg,2021 / 2022,"January 6th, 2023",Typica,Completed,Pulped natural / honey,7.83,7.83,7.75,7.75,7.75,7.75,10.0,7.92,84.58,9.6,0,0,greenish,0,01/24,Taiwan Coffee Laboratory,Typica
63,Taiwan,大鋤花間(Dachu Coffee Estate),Taiwan Coffee Laboratory,700.0,"( Dongshan Dist., Tainan City)",16,5 kg,2022,"June 8th, 2022",Gesha,Completed,Pulped natural / honey,8.17,7.83,7.67,7.83,7.67,7.67,10.0,7.75,84.58,11.5,0,0,green,0,06/23,Taiwan Coffee Laboratory,Gesha
64,Nicaragua,Finca Las Dos Marias,NicaNoLA Coffee,1350.0,ESTELI,74,45 kg,2021 / 2022,"June 9th, 2022",Catrenic,Completed,Natural / Dry,7.92,7.75,7.67,7.67,7.83,7.75,10.0,8.0,84.58,9.9,1,0,green,2,06/23,Specialty Coffee Association,Catrenic
65,Taiwan,雅慕伊咖啡莊園,Taiwan Coffee Laboratory,1250.0,No,1,80 kg,2021 / 2022,"November 15th, 2022",Gesha,Completed,Washed / Wet,8.08,7.83,7.67,7.67,7.67,7.75,10.0,7.92,84.58,11.2,0,0,green,2,11/23,Taiwan Coffee Laboratory,Gesha
66,Taiwan,名陽園,Taiwan Coffee Laboratory,1450.0,No,1,104 kg,2021 / 2022,"November 15th, 2022",SL34,Completed,Natural / Dry,7.83,8.0,7.67,7.75,7.67,7.75,10.0,7.92,84.58,10.3,0,0,green,0,11/23,Taiwan Coffee Laboratory,SL34
67,Vietnam,CupnCare,Taiwan Coffee Laboratory,650.0,Quang Tri,3,5 kg,2021 / 2022,"November 15th, 2022",Catimor,Completed,Natural / Dry,8.0,7.83,7.75,7.67,7.58,7.83,10.0,7.92,84.58,11.6,0,0,brownish,0,11/23,Taiwan Coffee Laboratory,Catimor
68,Costa Rica,La Cumbre,Coffee Quality Union,1900.0,"Los Santos, Tarrazu",1,22 kg,2022,"October 4th, 2022",Gesha,Completed,Washed / Wet,7.75,7.83,7.67,7.83,7.75,7.75,10.0,7.92,84.5,11.7,0,1,green,0,10/23,Japan Coffee Exchange,Gesha
69,Taiwan,苗55咖啡莊園,Taiwu Coffee Cooperative,520.0,Miaoli County,1,300 kg,2021 / 2022,"January 6th, 2023",unknown,Completed,Pulped natural / honey,7.75,7.92,7.83,7.75,7.75,7.75,10.0,7.75,84.5,11.3,0,0,bluish-green,0,01/24,Taiwan Coffee Laboratory,unknown
70,Honduras,La Cuchilla,Mercon Honduras,1368.0,"Center, Lagunetillas-Ajuterique, Comayagua",340,69 kg,2022 / 2023,"April 25th, 2023",Catuai,Completed,Washed / Wet,7.83,7.92,7.75,7.75,7.75,7.75,10.0,7.75,84.5,9.8,0,0,green,3,04/24,Honduran Coffee Institute,Catuai
71,Ethiopia,TRACON TRADING PLC,Tracon Trading PLC,1943.0,Ethiopia,584,30 kg,2021 / 2022,"August 23rd, 2022",Ethiopian Heirlooms,Completed,Washed / Wet,7.92,7.83,7.75,7.92,7.58,7.67,10.0,7.83,84.5,10.9,0,0,green,9,08/23,Blossom Valley International,Ethiopian Heirlooms
72,Taiwan,917農場 (917 Farm),Taiwan Coffee Laboratory,400.0,Yuli Township,1,20 kg,2021 / 2022,"December 12th, 2022",Typica,Completed,Natural / Dry,8.08,7.92,7.75,7.83,7.5,7.58,10.0,7.83,84.5,10.2,0,0,green,0,12/23,Taiwan Coffee Laboratory,Typica
73,Taiwan,皇庭咖啡莊園,Taiwan Coffee Laboratory,850.0,Yunlin,1,100 kg,2021 / 2022,"November 15th, 2022",Gesha,Completed,Washed / Wet,7.83,8.0,7.5,7.75,7.75,7.75,10.0,7.83,84.42,10.1,0,0,bluish-green,1,11/23,Taiwan Coffee Laboratory,Gesha
74,Guatemala,Finca Alta Luz,"Retrillas del pacifico, s.a.",1350.0,Huehuetenango,600,30 kg,2022 / 2023,"April 26th, 2023",Bourbon,Completed,Washed / Wet,7.67,7.83,7.75,7.75,7.83,7.75,10.0,7.75,84.33,9.2,0,1,green,5,04/24,National Coffee Association,Bourbon
75,United States (Hawaii),Miranda's Farm,Taiwan Coffee Laboratory,1300.0,Ka'u district of Big Island,10,10 kg,2022,"November 9th, 2022",Catuai,Completed,Washed / Wet,7.92,7.83,7.75,7.92,7.5,7.67,10.0,7.75,84.33,10.1,3,0,yellow-green,7,11/23,Taiwan Coffee Laboratory,Catuai
76,Ethiopia,Bisrat Melaku Washing Station,Tadesse Desta import export,2361.0,Addis Ababa,320,60 kg,2021 / 2022,"September 19th, 2022",Ethiopian Heirlooms,Completed,Natural / Dry,7.83,7.75,7.58,7.92,8.0,7.5,10.0,7.75,84.33,11.0,0,5,yellow green,4,09/23,METAD Agricultural Development plc,Ethiopian Heirlooms
77,El Salvador,San Nicolas,Taiwan Coffee Laboratory,1500.0,Chalatenango,20,30 kg,2021,"November 15th, 2022",Pacamara,Completed,Pulped natural / honey,7.83,7.83,7.83,7.83,7.67,7.67,10.0,7.67,84.33,10.3,0,0,brownish,4,11/23,Taiwan Coffee Laboratory,Pacamara
78,Colombia,Asociacion Tayronaca,Sucafina NA,2100.0,Sierra Nevada de Santa Marta,275,70 kg,2021 / 2022,"May 11th, 2022",Castillo and Colombia blend,Completed,Washed / Wet,7.75,7.75,7.75,7.75,7.83,7.67,10.0,7.83,84.33,11.6,0,0,green,1,05/23,COLOMBIAN ASSOCIATION FOR COFFEE EXCELLENCE,Castillo and Colombia blend
79,Indonesia,"Lintong Nihuta/Dolok Sanggul,Sumatera Utara",Coffee Quality Union,1300.0,"Lintong Nihuta / Dolok Sanggul, North Sumatra",1,60 kg,2022,"September 21st, 2022","Jember,TIM-TIM,Ateng",Completed,Wet Hulling,7.67,7.67,7.83,7.83,7.67,7.75,10.0,7.83,84.25,11.5,0,1,blue-green,1,09/23,Japan Coffee Exchange,"Jember,TIM-TIM,Ateng"
80,Guatemala,San jose del lago,"Peter Schoenfeld, S.A.",1600.0,Atitlan,55,30 kg,2022 / 2023,"April 17th, 2023",Typica,Completed,Washed / Wet,7.58,7.92,7.67,7.75,7.83,7.75,10.0,7.75,84.25,10.0,0,0,green,1,04/24,National Coffee Association,Typica
81,Madagascar,Mandroso,Vao Vao Sarl,1500.0,itas,5,60 kg,2022,"December 12th, 2022",Bourbon,Completed,Washed / Wet,7.92,7.92,7.58,7.75,7.58,7.67,10.0,7.83,84.25,12.1,0,0,blue-green,0,12/23,NKG Quality Service (a division of Bernhard Rothfos Intercafé AG),Bourbon
82,Honduras,La Cuchilla,Mercon Honduras,1368.0,"Center, Lagunetillas-Ajuterique, Comayagua",345,30 kg,2022 / 2023,"April 25th, 2023",Catuai,Completed,Washed / Wet,7.75,7.75,7.58,7.83,7.75,7.75,10.0,7.75,84.17,10.2,0,0,green,2,04/24,Honduran Coffee Institute,Catuai
83,Guatemala,san francisco cotzal,"inmobiliaria e inversiones dos mil, s.a.",1600.0,quiche,275,69 kg,2021 / 2022,"May 19th, 2022",Caturra,Completed,Washed / Wet,7.58,7.92,7.58,7.83,7.75,7.67,10.0,7.75,84.08,11.0,0,3,green,2,05/23,National Coffee Association,Caturra
84,Taiwan,竹崙子莊園,Taiwu Coffee Cooperative,150.0,New Taipei City,1,110 kg,2021 / 2022,"January 6th, 2023",unknown,Completed,Pulped natural / honey,7.83,7.92,7.83,7.58,7.58,7.67,10.0,7.67,84.08,10.8,0,0,greenish,2,01/24,Taiwan Coffee Laboratory,unknown
85,Taiwan,元富咖啡莊園,Taiwan Coffee Laboratory,800.0,Yunlin,1,80 kg,2021 / 2022,"November 15th, 2022",Gesha,Completed,Natural / Dry,7.92,7.75,7.67,7.75,7.75,8.0,9.33,7.92,84.08,10.6,0,0,yello-green,0,11/23,Taiwan Coffee Laboratory,Gesha
86,Guatemala,varias fincas,"Peter Schoenfeld, S.A.",1550.0,middle holy rose,430,30 kg,2022 / 2023,"March 22nd, 2023",Caturra,Completed,Washed / Wet,7.67,7.83,7.67,7.83,7.75,7.67,10.0,7.67,84.08,11.0,0,1,green,2,03/24,National Coffee Association,Caturra
87,Guatemala,varias fincas,"Peter Schoenfeld, S.A.",1550.0,Sierra of the mines,200,30 kg,2022 / 2023,"March 22nd, 2023",Caturra,Completed,Washed / Wet,7.67,7.92,7.67,7.75,7.67,7.58,10.0,7.75,84.0,11.0,0,2,green,2,03/24,National Coffee Association,Caturra
88,Honduras,finca de la casa,Taiwan Coffee Laboratory,1800.0,"San Andres, Lempira",16,30 kg,2021 / 2022,"November 15th, 2022",Typica,Completed,Pulped natural / honey,7.75,7.75,7.75,7.67,7.75,7.67,10.0,7.67,84.0,9.4,0,0,green,0,11/23,Taiwan Coffee Laboratory,Typica
89,"Tanzania, United Republic Of",KONGONI ESTATE,C.DORMAN SEZ LTD,1675.0,ARUSHA,200,60 kg,2022 / 2023,"January 3rd, 2023",Bourbon,Completed,Washed / Wet,7.58,7.67,7.75,7.75,7.75,7.75,10.0,7.75,84.0,9.8,0,0,greenish,3,01/24,Kenya Coffee Traders Association,Bourbon
90,Ethiopia,Ecom Agroindustrial,Descafeinadores Mexicano SA. de CV,1800.0,That's how,300,60 kg,2021 / 2022,"November 18th, 2022",Ethiopian Heirlooms,Completed,Washed / Wet,8.0,7.75,7.5,7.67,7.67,7.67,10.0,7.75,84.0,11.3,1,1,green,1,11/23,Agroecological Center of Coffee A.C.,Ethiopian Heirlooms
91,"Tanzania, United Republic Of",MASHIMA AMCOS,DORMAN (T) LTD,1550.0,KILIMANJARO,320,60 kg,2022 / 2023,"November 21st, 2022",Bourbon,Completed,Washed / Wet,7.75,7.58,7.58,7.92,7.67,7.75,10.0,7.75,84.0,11.6,0,0,greenish,2,11/23,Kenya Coffee Traders Association,Bourbon
92,Colombia,COO,InterAmerican Coffee,1550.0,Wheels,275,70 kg,2022,"July 27th, 2022",Caturra,Completed,Washed / Wet,7.67,7.83,7.58,7.92,7.67,7.67,10.0,7.67,84.0,13.3,0,2,green,3,07/23,NKG Quality Service (a division of Bernhard Rothfos Intercafé AG),Caturra
93,Costa Rica,Gamboa Farm,CECA S.A.,1850.0,Terrazzo,250,35 kg,2022 / 2023,"April 19th, 2023",Caturra,Completed,Washed / Wet,7.67,7.92,7.58,7.75,7.67,7.58,10.0,7.75,83.92,9.5,0,0,green,2,04/24,Specialty Coffee Association of Costa Rica,Caturra
94,Guatemala,El Morito,Taiwan Coffee Laboratory,1900.0,New East,1,15 kg,2021,"November 15th, 2022",Gesha,Completed,Natural / Dry,7.83,7.83,7.58,7.67,7.67,7.58,10.0,7.75,83.92,11.9,0,0,greenish,0,11/23,Taiwan Coffee Laboratory,Gesha
95,Guatemala,San jose del lago,"Peter Schoenfeld, S.A.",1600.0,Atitlan,35,30 kg,2022 / 2023,"April 17th, 2023",Bourbon,Completed,Washed / Wet,7.58,7.83,7.58,7.75,7.67,7.75,10.0,7.75,83.92,10.0,0,1,green,2,04/24,National Coffee Association,Bourbon
96,Thailand,Baan San Charoen,Coffee Quality Union,1350.0,In,1,30 kg,2022,"September 21st, 2022",Catimor,Completed,Natural / Dry,7.75,7.67,7.58,7.75,7.75,7.67,10.0,7.75,83.92,11.6,0,0,yellowish,3,09/23,Japan Coffee Exchange,Catimor
97,Colombia,Unknown,Marubeni Corporation,1411.0,Pereira,375,70 kg,2022 / 2023,"April 17th, 2023",Unknown,Completed,Washed / Wet,7.67,7.75,7.67,7.75,7.67,7.67,10.0,7.67,83.83,11.9,0,1,green,1,04/24,Japan Coffee Exchange,Unknown
98,Guatemala,FINCA ALTA LUZ,"RETRILLAS DEL PACIFICO, S. A.",1400.0,HUEHUETENANGO,600,30 kg,2021 / 2022,"May 13th, 2022","BOURBON, CATURRA Y CATIMOR",Completed,Natural / Dry,7.58,7.83,7.67,7.67,7.67,7.67,10.0,7.75,83.83,10.8,0,0,green,4,05/23,National Coffee Association,"BOURBON, CATURRA Y CATIMOR"
99,Guatemala,SAN RAFAEL URIAS VALDES,Asociación Nacional del Cafe,,ANTIGUA GUATEMALA,635,30 kg,2021 / 2022,"May 19th, 2022",Bourbon,Completed,Washed / Wet,7.58,7.92,7.5,7.67,7.75,7.67,10.0,7.75,83.83,10.9,0,1,greenish,4,05/23,National Coffee Association,Bourbon
100,Ethiopia,Gerbicho Lela Cooperative,Taylor Winch Coffee Ltd,2000.0,That's how,100,60 kg,2021 / 2022,"September 9th, 2022",Ethiopian Heirlooms,Completed,Washed / Wet,7.83,7.67,7.5,7.92,7.5,7.67,10.0,7.75,83.83,12.0,0,0,green,12,09/23,Kenya Coffee Traders Association,Ethiopian Heirlooms
101,Colombia,N / A,ECOM COLOMBIA,1700.0,Cauca,285,70 kg,2022 / 2023,"February 22nd, 2023",Caturra,Completed,Washed / Wet,7.92,7.75,7.42,7.58,7.92,7.67,10.0,7.58,83.83,12.1,2,5,green,5,02/24,COLOMBIAN ASSOCIATION FOR COFFEE EXCELLENCE,Caturra
102,United States (Hawaii),various farms,Taiwan Coffee Laboratory,500.0,Get on,4,15 kg,2022,"November 15th, 2022",Typica,Completed,Washed / Wet,7.67,7.92,7.58,7.58,7.58,7.75,10.0,7.75,83.83,11.8,0,3,green,3,11/23,Taiwan Coffee Laboratory,Typica
103,Colombia,La Gallera,Taiwan Coffee Laboratory,1800.0,tolima,40,35 kg,2022,"November 15th, 2022",Bourbon Sidra,Completed,Pulped natural / honey,7.67,7.92,7.67,7.58,7.67,7.67,10.0,7.58,83.75,10.6,0,0,greenish,1,11/23,Taiwan Coffee Laboratory,Bourbon Sidra
104,Mexico,Finca Custepec,Exportadora Café California,1200.0,Chiapas,600,30 kg,2022 / 2023,"April 5th, 2023",Sarchimor,Completed,Washed / Wet,7.67,7.67,7.58,7.67,7.83,7.58,10.0,7.75,83.75,11.7,4,0,green,12,04/24,Agroecological Center of Coffee A.C.,Sarchimor
105,Colombia,Unknown,Coffee Quality Institute,,Unknown,1,1 kg,2022,"September 26th, 2022",Unknown,Completed,Unknown,7.83,7.75,7.5,7.58,7.67,7.67,10.0,7.67,83.67,12.4,1,0,greenish,9,09/23,Barista and Coffee Academy of Asia,Unknown
106,Taiwan,永舜咖啡莊園,Yongshun,1250.0,"Caoling , Gukeng Township, Yunlin County",50,2 kg,2022,"October 24th, 2022",SL34,Completed,Washed / Wet,7.67,7.67,7.75,7.75,7.5,7.67,10.0,7.67,83.67,10.0,0,0,bluish-green,0,10/23,Blossom Valley International,SL34
107,Myanmar,Aromatic,Taiwan Coffee Laboratory,1400.0,South Shan State,100,30 kg,2022,"November 15th, 2022","Catimor,Catuai,Caturra,Bourbon",Completed,Natural / Dry,7.83,7.83,7.67,7.58,7.58,7.58,10.0,7.58,83.67,10.2,0,1,pale yellow,1,11/23,Taiwan Coffee Laboratory,"Catimor,Catuai,Caturra,Bourbon"
108,Taiwan,恆珊農場,Taiwu Coffee Cooperative,300.0,Hsinchu County,1,13 kg,2021 / 2022,"January 6th, 2023",unknown,Completed,Pulped natural / honey,7.58,7.75,7.67,7.83,7.5,7.67,10.0,7.67,83.67,9.2,0,0,greenish,0,01/24,Taiwan Coffee Laboratory,unknown
109,Honduras,Maria Bonita,Taiwan Coffee Laboratory,1470.0,"San Jose, La Paz",9,15 kg,2021,"November 15th, 2022",Parainema,Completed,Natural / Dry,7.67,7.67,7.58,7.75,7.67,7.67,10.0,7.67,83.67,11.1,0,2,pale yellow,1,11/23,Taiwan Coffee Laboratory,Parainema
110,Taiwan,正源咖啡,Taiwu Coffee Cooperative,325.0,Hsinchu County,1,10 kg,2021 / 2022,"January 6th, 2023",unknown,Completed,Natural / Dry,7.58,7.67,7.5,7.75,7.75,7.67,10.0,7.67,83.58,8.4,0,0,green,0,01/24,Taiwan Coffee Laboratory,unknown
111,Taiwan,宋明光	蝙蝠洞莊園	蝙蝠洞莊園,Taiwu Coffee Cooperative,275.0,Hsinchu County,1,10 kg,2021 / 2022,"January 6th, 2023",Typica,Completed,Pulped natural / honey,7.58,7.75,7.58,7.75,7.58,7.67,10.0,7.67,83.58,9.1,0,0,green,0,01/24,Taiwan Coffee Laboratory,Typica
112,Guatemala,SAN FRANCISCO COTZAL,Asociación Nacional del Cafe,1600.0,QUICHE,275,69 kg,2021 / 2022,"May 19th, 2022",Caturra,Completed,Washed / Wet,7.58,7.83,7.58,7.67,7.58,7.58,10.0,7.75,83.58,10.9,0,2,green,4,05/23,National Coffee Association,Caturra
113,Honduras,varias,Cafe Organico Marcala S.A de C.V.,1400.0,Marcala,260,69 kg,2021 / 2022,"August 17th, 2022",SHG,Completed,Washed / Wet,7.75,7.67,7.58,7.58,7.58,7.67,10.0,7.67,83.5,11.2,0,1,green,5,08/23,Honduran Coffee Institute,SHG
114,Colombia,La fortaleza,Cafe Colsuaves,1700.0,Popayán Cauca,600,30 kg,2022,"January 18th, 2023",Caturra,Completed,Washed / Wet,7.75,7.75,7.5,7.58,7.83,7.5,10.0,7.58,83.5,12.2,0,0,bluish-green,2,01/24,COLOMBIAN ASSOCIATION FOR COFFEE EXCELLENCE,Caturra
115,Thailand,Doi Tung Development Project,Doi Tung Development Project,1390.0,North of Thailand,2,1 kg,2022,"July 14th, 2022",Bourbon,Completed,Washed / Wet,7.42,7.83,7.58,7.67,7.67,7.75,10.0,7.58,83.5,13.1,0,0,green,0,07/23,FABB Academy of Coffee,Bourbon
116,Ethiopia,YHAENU PLC FARM,yhaenu plc,1700.0,OROMIA,320,19200 kg,2021 / 2022,"November 30th, 2022",Ethiopian Heirlooms,Completed,Washed / Wet,7.42,7.42,7.42,8.0,7.92,7.67,10.0,7.67,83.5,10.4,0,1,greenish,11,11/23,METAD Agricultural Development plc,Ethiopian Heirlooms
117,Thailand,Doi Nan,Coffee Quality Union,1450.0,Suan Ya Lung,5,2 kg,2022,"June 16th, 2022",Java,Completed,Washed / Wet,7.67,7.67,7.5,7.67,7.58,7.67,10.0,7.67,83.42,11.6,0,2,green,0,06/23,Japan Coffee Exchange,Java
118,Uganda,Bugisu Shamba,Kawacom uganda LTD,1650.0,Mt Elgon,150,60 kg,2021 / 2022,"July 7th, 2022",SL14,Completed,Washed / Wet,7.75,7.75,7.5,7.5,7.58,7.58,10.0,7.75,83.42,10.1,0,0,green,3,07/23,Uganda Coffee Development Authority,SL14
119,Taiwan,香香久溢咖啡莊園,Taiwan Coffee Laboratory,1100.0,No,1,40 kg,2021 / 2022,"November 15th, 2022",Typica + SL34,Completed,Washed / Wet,7.75,7.92,7.67,7.92,7.75,7.83,8.67,7.92,83.42,10.1,0,0,blue-green,0,11/23,Taiwan Coffee Laboratory,Typica + SL34
120,Uganda,Masereka William,Kyagalanyi Coffee Limited,1905.0,Rwenzori,320,60 kg,2021 / 2022,"September 1st, 2022",SL14,Completed,Washed / Wet,7.75,7.67,7.58,7.5,7.67,7.5,10.0,7.67,83.33,11.1,0,0,green,5,09/23,Uganda Coffee Development Authority,SL14
121,Taiwan,四分子道,Taiwu Coffee Cooperative,250.0,Hsinchu County,1,8 kg,2021 / 2022,"January 6th, 2023",Typica,Completed,Pulped natural / honey,7.58,7.67,7.5,7.75,7.5,7.58,10.0,7.75,83.33,9.7,0,0,greenish,0,01/24,Taiwan Coffee Laboratory,Typica
122,Guatemala,MI CAFECITO & LA PROVIDENCIA,Mr.Brown Cafe,1302.5,NEW EAST & HOME,320,60 kg,2021,"December 30th, 2022","MARSELLESA, CATUAI, CATURRA & MARSELLESA, ANACAFE 14, CATUAI",Completed,Washed / Wet,7.5,7.75,7.58,7.75,7.67,7.58,10.0,7.5,83.33,11.4,0,0,green,0,12/23,Taiwan Coffee Laboratory,"MARSELLESA, CATUAI, CATURRA & MARSELLESA, ANACAFE 14, CATUAI"
123,Taiwan,木華莊園,Taiwu Coffee Cooperative,300.0,taoyuan city,1,80 kg,2021 / 2022,"January 6th, 2023",Typica,Completed,Washed / Wet,7.58,7.67,7.58,7.75,7.42,7.58,10.0,7.75,83.33,9.6,0,0,green,1,01/24,Taiwan Coffee Laboratory,Typica
124,Colombia,El Laurel,Minka coffee company LTD,1100.0,Sierra Nevada de Santa Marta,2,1 kg,2021 / 2022,"September 30th, 2022",Caturra,Completed,Washed / Wet,7.67,7.67,7.42,7.75,7.5,7.75,10.0,7.58,83.33,13.5,0,0,greenish,0,09/23,FABB Academy of Coffee,Caturra
125,Costa Rica,Gamboa Farm,CECA S.A.,1850.0,Terrazzo,320,69 kg,2022 / 2023,"April 19th, 2023",Caturra,Completed,Washed / Wet,7.58,7.75,7.42,7.67,7.5,7.75,10.0,7.67,83.33,0.0,0,0,green,3,04/24,Specialty Coffee Association of Costa Rica,Caturra
126,Taiwan,東泓咖啡莊園,Taiwan Coffee Laboratory,750.0,Yunlin,1,100 kg,2021 / 2022,"November 15th, 2022",SL34,Completed,Washed / Wet,7.75,7.83,7.58,7.58,7.58,7.5,10.0,7.5,83.33,10.7,0,0,blue-green,1,11/23,Taiwan Coffee Laboratory,SL34
127,Thailand,Doi Tung Development Project,Doi Tung Development Project,1400.0,North of Thailand,2,1 kg,2022,"July 14th, 2022",Typica,Completed,Washed / Wet,7.92,7.92,7.75,7.33,7.58,7.5,10.0,7.33,83.33,12.3,0,0,yellow-green,16,07/23,FABB Academy of Coffee,Typica
128,"Tanzania, United Republic Of",MASHIMA AMCOS,DORMAN TANZANIA LTD,1550.0,KILIMANJARO,320,60 kg,2022 / 2023,"January 3rd, 2023",Bourbon,Completed,Washed / Wet,7.92,7.67,7.42,7.5,7.67,7.58,10.0,7.5,83.25,10.4,0,0,greenish,8,01/24,Kenya Coffee Traders Association,Bourbon
129,Brazil,Fazenda Conquista e Capoeirinha,Ipanema Coffees,950.0,South of Minas,960,60 kg,2022 / 2023,"February 13th, 2023",Mundo Novo,Completed,Natural / Dry,7.58,7.5,7.5,7.83,7.67,7.5,10.0,7.67,83.25,11.6,0,0,green,4,02/24,Brazil Specialty Coffee Association,Mundo Novo
130,Taiwan,棒棒有機農場,Taiwu Coffee Cooperative,1150.0,Miaoli County,1,320 kg,2021 / 2022,"January 6th, 2023",unknown,Completed,Washed / Wet,7.75,7.75,7.58,7.67,7.42,7.5,10.0,7.58,83.25,9.6,0,0,green,1,01/24,Taiwan Coffee Laboratory,unknown
131,Colombia,Buenos Aires,Coffee Quality Union,1390.0,Come on,2,12 kg,2022,"April 7th, 2023","Red Bourbon,Caturra",Completed,Anaerobico 1000h,7.67,7.67,7.58,7.67,7.58,7.58,10.0,7.5,83.25,10.9,0,0,brownish,2,04/24,Japan Coffee Exchange,"Red Bourbon,Caturra"
132,Honduras,La Bendicion,Taiwan Coffee Laboratory,1600.0,"Markala, La Paz",9,15 kg,2021,"November 15th, 2022",Lempira,Completed,Washed / Wet,7.67,7.75,7.67,7.58,7.5,7.58,10.0,7.5,83.25,10.5,0,0,bluish-green,3,11/23,Taiwan Coffee Laboratory,Lempira
133,Honduras,varias,Cafe Organico Marcala S.A de C.V.,1400.0,Marcala,260,69 kg,2021 / 2022,"August 17th, 2022",Catuai,Completed,Washed / Wet,7.75,7.58,7.58,7.58,7.5,7.58,10.0,7.67,83.25,11.3,0,1,green,5,08/23,Honduran Coffee Institute,Catuai
134,Taiwan,蜜多莊園,Taiwu Coffee Cooperative,250.0,Hsinchu County,1,16 kg,2021 / 2022,"January 6th, 2023",Typica,Completed,Natural / Dry,7.75,7.75,7.5,7.75,7.5,7.42,10.0,7.5,83.17,9.7,0,0,greenish,2,01/24,Taiwan Coffee Laboratory,Typica
135,Taiwan,迎曦山丘,Taiwu Coffee Cooperative,340.0,Miaoli County,1,100 kg,2021 / 2022,"January 6th, 2023",unknown,Completed,Washed / Wet,7.67,7.67,7.5,7.58,7.58,7.5,10.0,7.67,83.17,11.8,0,0,blue-green,0,01/24,Taiwan Coffee Laboratory,unknown
136,Laos,Nongluang Bolaven Plateau,Dao Heuang Group,1250.0,"Nongluang Bolaven Plateau, Champasack, Lao PDR",26,60 kg,2022,"December 30th, 2022",Catimor,Completed,Natural / Dry,7.67,7.75,7.33,7.67,7.58,7.5,10.0,7.58,83.08,11.8,0,0,brownish,7,12/23,Specialty Coffee Association of Indonesia,Catimor
137,Honduras,La Cuchilla,CIGRAH,1368.0,"Center, Lagunetillas - Ajuterique, Comayagua",250,69 kg,2021 / 2022,"May 23rd, 2022",Catuai,Completed,Washed / Wet,7.67,7.67,7.5,7.58,7.58,7.5,10.0,7.58,83.08,10.6,0,2,green,7,05/23,Honduran Coffee Institute,Catuai
138,Honduras,Bethel,CADEXSA,1450.0,"The Plans of Santa Maria, La Paz",325,69 kg,2022 / 2023,"April 25th, 2023",Catuai,Completed,Washed / Wet,7.75,7.58,7.58,7.58,7.58,7.5,10.0,7.5,83.08,9.6,0,0,green,2,04/24,Honduran Coffee Institute,Catuai
139,Colombia,EL PRADO,carcafe ltda,1650.0,WHEELS,600,30 kg,2022 / 2023,"January 13th, 2023",Caturra,Completed,Washed / Wet,8.0,7.67,7.42,7.58,7.58,7.42,10.0,7.33,83.0,13.1,0,0,bluish-green,1,01/24,COLOMBIAN ASSOCIATION FOR COFFEE EXCELLENCE,Caturra
140,Taiwan,樹橋窩莊園,Taiwu Coffee Cooperative,275.0,Hsinchu County,1,12 kg,2021 / 2022,"January 6th, 2023",Typica,Completed,Pulped natural / honey,7.5,7.67,7.58,7.58,7.5,7.5,10.0,7.58,82.92,8.9,0,0,blue-green,0,01/24,Taiwan Coffee Laboratory,Typica
141,Mexico,Finca Tequihua,La Villa Coffee Company LLC,1350.0,"ZONGOLICA, VERACRUZ",141,69 kg,2021 / 2022,"August 11th, 2022",Bourbon,Completed,Washed / Wet,7.75,7.5,7.42,7.67,7.58,7.5,10.0,7.5,82.92,11.9,2,0,green,1,08/23,Agroecological Center of Coffee A.C.,Bourbon
142,Colombia,La Argentina,Coffee Quality Union,1350.0,Come on,1,12 kg,2021 / 2022,"June 16th, 2022",Typica Gesha,Completed,Washed / Wet,7.58,7.5,7.5,7.67,7.58,7.5,10.0,7.58,82.92,11.5,0,1,greenish,3,06/23,Japan Coffee Exchange,Typica Gesha
143,Taiwan,嵩岳咖啡莊園,宸嶧國際有限公司,1200.0,"Shibi, Gukeng Township, Yunlin County Postal Code , Taiwan (R.O.C.)",300,1 kg,2022,"October 24th, 2022",Gesha,Completed,Unknown,7.67,7.5,7.42,7.75,7.42,7.58,10.0,7.58,82.92,10.2,0,0,yellow-green,0,10/23,Blossom Valley International,Gesha
144,Honduras,Varias,Cafe Organico Marcala S.A de C.V.,1280.0,Marcala,275,69 kg,2022 / 2023,"April 24th, 2023",Catuai,Completed,Washed / Wet,7.67,7.58,7.5,7.5,7.58,7.5,10.0,7.5,82.83,10.0,0,0,green,4,04/24,Honduran Coffee Institute,Catuai
145,Thailand,Doi Tung Development Project,Doi Tung Development Project,1400.0,North of Thailand,2,1 kg,2022,"July 14th, 2022",Gayo,Completed,Washed / Wet,7.17,7.92,7.58,7.5,7.58,7.67,10.0,7.42,82.83,11.8,0,0,yellow-green,5,07/23,FABB Academy of Coffee,Gayo
146,Vietnam,Ea tan Cooperative,SIMEXCO DAKLAK LTD,900.0,"Eatan Commune, Krong Nang District, Krong Nang Province",22,60 kg,2021 / 2022,"June 3rd, 2022",Catimor,Completed,Pulped natural / honey,7.58,7.42,7.58,7.5,7.67,7.75,10.0,7.33,82.83,13.3,0,0,green,4,06/23,Specialty Coffee Association,Catimor
147,Nicaragua,Finca San Felipe,Exportadora Atlantic S.A,1200.0,matagalpa,275,69 kg,2022 / 2023,"January 30th, 2023",SHG,Completed,Natural / Dry,7.33,7.58,7.25,7.33,7.75,8.17,10.0,7.33,82.75,10.5,5,2,green,1,01/24,Nicaraguan Specialty Coffees Association,SHG
148,Costa Rica,AMA EL AROMA Micro lot - Sunrise,Taiwan Coffee Laboratory,1450.0,west Villege,10,30 kg,2021,"November 15th, 2022",SL28,Completed,Pulped natural / honey,7.33,7.5,7.25,7.92,7.75,7.58,10.0,7.42,82.75,11.8,0,0,pale yellow,1,11/23,Taiwan Coffee Laboratory,SL28
149,Colombia,Federación Nacional de Cafeteros de Colombia,"NIPPON COFFEE TRADING CO.,LTD.",1700.0,Wheels,250,70 kg,2022,"July 11th, 2022",Caturra,Completed,Washed / Wet,7.58,7.67,7.58,7.5,7.33,7.5,10.0,7.5,82.67,11.8,0,1,green,2,07/23,Japan Coffee Exchange,Caturra
150,Thailand,Doi Tung Development Project,Doi Tung Development Project,1390.0,North of Thailand,2,1 kg,2022,"July 14th, 2022",Caturra,Completed,Washed / Wet,7.33,7.58,7.58,7.5,7.67,7.67,10.0,7.33,82.67,13.0,1,0,greenish,0,07/23,FABB Academy of Coffee,Caturra
151,Thailand,Kevin Coffee,Square Root,1200.0,Chiang Mai,6,50 kg,2021 / 2022,"June 14th, 2022","Bourbon, Catimor, Caturra, Typica",Completed,Natural / Dry,7.5,7.58,7.5,7.42,7.5,7.58,10.0,7.58,82.67,11.2,0,0,yellow green,0,06/23,Specialty Coffee Institute of Thailand,"Bourbon, Catimor, Caturra, Typica"
152,Honduras,Bethel,CADEXSA,1450.0,the plans of santa maria la paz,325,69 kg,2022 / 2023,"April 25th, 2023",Catuai,Completed,Washed / Wet,7.67,7.58,7.33,7.5,7.58,7.5,10.0,7.5,82.67,9.6,0,0,green,2,04/24,Honduran Coffee Institute,Catuai
153,Taiwan,銅鏡莊園,Taiwu Coffee Cooperative,165.0,Miaoli County,1,4 kg,2021 / 2022,"January 6th, 2023",unknow,Completed,Natural / Dry,7.67,7.67,7.42,7.42,7.42,7.5,10.0,7.5,82.58,9.8,0,0,green,0,01/24,Taiwan Coffee Laboratory,unknow
154,Taiwan,掬香園,Taiwu Coffee Cooperative,465.0,Miaoli County,1,32 kg,2021 / 2022,"January 6th, 2023",Caturra,Completed,Washed / Wet,7.67,7.58,7.42,7.42,7.5,7.5,10.0,7.5,82.58,8.4,0,0,blue-green,2,01/24,Taiwan Coffee Laboratory,Caturra
155,Nicaragua,Finca Las Dos Marias,NicaNoLA Coffee,1350.0,ESTELI,120,45 kg,2021 / 2022,"June 20th, 2022",Parainema,Completed,Washed / Wet,7.5,7.58,7.42,7.58,7.5,7.58,10.0,7.42,82.58,10.1,0,0,green,0,06/23,Specialty Coffee Association,Parainema
156,El Salvador,Agua Caliente,Consejo Salvadoreño del Café,1200.0,Apaneca - Ilamatepec,600,30 kg,2022 / 2023,"March 3rd, 2023",Bourbon,Completed,Washed / Wet,7.67,7.33,7.17,7.67,7.83,7.5,10.0,7.33,82.5,11.3,0,0,green,2,03/24,Salvadoran Coffee Council,Bourbon
157,Panama,Finca Lerida,Panamerican Coffee Trading,1200.0,Blowjob,200,30 kg,2021 / 2022,"May 25th, 2022",Caturra,Completed,Washed / Wet,7.75,7.67,7.17,7.67,7.42,7.42,10.0,7.42,82.5,10.0,0,0,green,0,05/23,Specialty Coffee Association of Costa Rica,Caturra
158,Brazil,Fazenda Pedra Preta,Man Volcafe Brasil Ltda.,1100.0,MANTIQUEIRA / SOUTH OF MINAS,620,30 kg,2022 / 2023,"November 3rd, 2022",Mundo Novo,Completed,Natural / Dry,7.5,7.58,7.5,7.5,7.67,7.42,10.0,7.33,82.5,11.8,0,1,bluish-green,1,11/23,Brazil Specialty Coffee Association,Mundo Novo
159,United States (Hawaii),Kainaliu Farm,Taiwan Coffee Laboratory,640.0,Kona,4,15 kg,2022,"November 15th, 2022",Maragogype,Completed,Washed / Wet,7.33,7.58,7.5,7.5,7.5,7.58,10.0,7.5,82.5,11.7,0,0,blue-green,1,11/23,Taiwan Coffee Laboratory,Maragogype
160,Mexico,Las Trincheras,Taiwan Coffee Laboratory,1340.0,Veracruz,10,15 kg,2021,"November 15th, 2022",Pacamara,Completed,Washed / Wet,7.67,7.42,7.5,7.5,7.67,7.42,10.0,7.33,82.5,10.7,0,0,pale yellow,0,11/23,Taiwan Coffee Laboratory,Pacamara
161,Honduras,La Cuchilla,Mercon Honduras,1368.0,"Center, Lagunetillas - Ajuterique, Comayagua",345,30 kg,2021 / 2022,"May 23rd, 2022",Catuai,Completed,Washed / Wet,7.58,7.58,7.33,7.5,7.58,7.42,10.0,7.5,82.5,10.6,0,0,green,8,05/23,Honduran Coffee Institute,Catuai
162,Taiwan,弘欣咖啡園,Taiwu Coffee Cooperative,139.0,Hsinchu County,1,200 kg,2021 / 2022,"January 6th, 2023",unknown,Completed,Washed / Wet,7.42,7.42,7.58,7.42,7.58,7.5,10.0,7.58,82.5,8.4,0,0,green,2,01/24,Taiwan Coffee Laboratory,unknown
163,Nicaragua,Finca Aurora,Mr.Brown Cafe,1275.0,"Matagalpa, Nicaragua",275,69 kg,2021 / 2022,"December 30th, 2022",Caturra-Catuai,Completed,Washed / Wet,7.58,7.58,7.42,7.42,7.5,7.5,10.0,7.42,82.42,11.4,0,0,bluish-green,0,12/23,Taiwan Coffee Laboratory,Caturra-Catuai
164,Vietnam,Apollo Estate,"Sunvirtue Co., Ltd.",1040.0,Da Lat,77,15 kg,2021,"June 1st, 2022",Catimor,Completed,Washed / Wet,7.5,7.5,7.33,7.5,7.5,7.42,10.0,7.58,82.33,10.5,0,0,bluish-green,0,06/23,Specialty Coffee Association,Catimor
165,El Salvador,Agua Caliente,Consejo Salvadoreño del Café,1200.0,Apaneca - Ilamatepec,600,30 kg,2022 / 2023,"February 21st, 2023",Bourbon,Completed,Washed / Wet,7.5,7.5,7.42,7.42,7.42,7.67,10.0,7.42,82.33,12.0,0,7,green,10,02/24,Salvadoran Coffee Council,Bourbon
166,El Salvador,Agua Caliente,Consejo Salvadoreño del Café,1200.0,Apaneca - Ilamatepec,275,69 kg,2021 / 2022,"July 7th, 2022",Bourbon,Completed,Washed / Wet,7.33,7.67,7.25,7.67,7.83,7.42,10.0,7.17,82.33,11.8,0,0,bluish-green,0,07/23,Salvadoran Coffee Council,Bourbon
167,Taiwan,寶山謐靚,Taiwu Coffee Cooperative,140.0,Hsinchu County,1,5 kg,2021 / 2022,"January 6th, 2023",unknown,Completed,Natural / Dry,7.67,7.58,7.42,7.5,7.33,7.42,10.0,7.42,82.33,10.8,0,0,green,1,01/24,Taiwan Coffee Laboratory,unknown
168,Peru,Fundo La Libertado,Itochu Corporation,1600.0,"Chanchamayo, La Merced",275,69 kg,2022 / 2023,"July 11th, 2022",Caturra,Completed,Washed / Wet,7.67,7.5,7.33,7.58,7.33,7.42,10.0,7.42,82.25,11.7,0,1,greenish,3,07/23,Japan Coffee Exchange,Caturra
169,United States (Hawaii),Manny's Farm,Taiwan Coffee Laboratory,1200.0,Kona district of Big Island,3,30 kg,2022,"November 9th, 2022",Typica,Completed,Washed / Wet,7.75,7.42,7.33,7.5,7.33,7.5,10.0,7.33,82.17,10.6,1,0,green,5,11/23,Taiwan Coffee Laboratory,Typica
170,Kenya,Kenyan Highlands,Coffee Quality Union,1725.0,Kericho,13,5 kg,2022,"April 7th, 2023","SL28,SL34,Ruiru11",Completed,Washed / Wet,7.5,7.5,7.42,7.5,7.25,7.5,10.0,7.5,82.17,11.2,0,0,green,2,04/24,Japan Coffee Exchange,"SL28,SL34,Ruiru11"
171,Honduras,La Cuchilla,Mercon Honduras,1368.0,"Center, Lagunetillas - Ajuterique, Comayagua",125,69 kg,2021 / 2022,"May 23rd, 2022",Catuai,Completed,Washed / Wet,7.67,7.5,7.25,7.5,7.5,7.33,10.0,7.42,82.17,10.6,0,0,green,8,05/23,Honduran Coffee Institute,Catuai
172,Taiwan,金暖農場,Taiwu Coffee Cooperative,600.0,taoyuan city,1,3 kg,2021 / 2022,"January 6th, 2023",unknown,Completed,Washed / Wet,7.5,7.67,7.33,7.5,7.25,7.33,10.0,7.5,82.08,9.7,0,0,bluish-green,0,01/24,Taiwan Coffee Laboratory,unknown
173,Taiwan,好客農埸,Taiwu Coffee Cooperative,460.0,Miaoli County,1,60 kg,2021 / 2022,"January 6th, 2023",unknown,Completed,Pulped natural / honey,7.33,7.42,7.42,7.5,7.42,7.5,10.0,7.5,82.08,8.1,0,0,greenish,3,01/24,Taiwan Coffee Laboratory,unknown
174,Taiwan,拉拉山祖嵐咖啡莊園,Taiwu Coffee Cooperative,500.0,taoyuan city,1,20 kg,2021 / 2022,"January 6th, 2023",unknown,Completed,Washed / Wet,7.5,7.58,7.42,7.42,7.25,7.42,10.0,7.42,82.0,8.2,0,0,green,1,01/24,Taiwan Coffee Laboratory,unknown
175,Thailand,Doi Tung Development Project,Doi Tung Development Project,1000.0,North of Thailand,2,1 kg,2022,"July 14th, 2022",Catimor,Completed,Washed / Wet,7.17,7.5,7.42,7.42,7.58,7.5,10.0,7.42,82.0,9.8,0,0,green,0,07/23,FABB Academy of Coffee,Catimor
176,Costa Rica,San Diego Mill,Beneficios Volcafé Costa Rica,1500.0,Corralillo Tarrazu,500,30 kg,2018 / 2019,"March 29th, 2023",Caturra,Completed,Washed / Wet,7.42,7.42,7.42,7.33,7.58,7.33,10.0,7.5,82.0,10.5,1,2,green,8,03/24,Specialty Coffee Association of Costa Rica,Caturra
177,Guatemala,Not Specificated,Marubeni Corporation,1450.0,East,275,69 kg,2021 / 2022,"November 28th, 2022",Unknown,Completed,Washed / Wet,7.42,7.42,7.42,7.33,7.5,7.42,10.0,7.5,82.0,11.5,0,1,blue-green,2,11/23,Japan Coffee Exchange,Unknown
178,Indonesia,Wahana Graha Makmur,InterAmerican Coffee,1350.0,Sumatra,320,60 kg,2022,"August 22nd, 2022",Unknown,Completed,Pulped natural / honey,7.67,7.33,7.25,7.67,7.42,7.25,10.0,7.42,82.0,12.5,0,0,bluish-green,0,08/23,NKG Quality Service (a division of Bernhard Rothfos Intercafé AG),Unknown
179,Peru,Fundo La Libertad,Itochu Corporation,1600.0,"Chanchamayo, La Merced",275,69 kg,2022 / 2023,"July 11th, 2022",Caturra,Completed,Washed / Wet,7.5,7.5,7.33,7.5,7.33,7.33,10.0,7.42,81.92,11.6,0,2,greenish,2,07/23,Japan Coffee Exchange,Caturra
180,Guatemala,MULTIPLE SMALLHOLDER FARMS,"HARU International Corp, 守成咖啡",,Antigua,540,30 kg,2022,"November 3rd, 2022",Caturra,Completed,Washed / Wet,7.33,7.42,7.33,7.42,7.58,7.42,10.0,7.42,81.92,10.3,0,0,greenish,1,11/23,Taiwan Coffee Laboratory,Caturra
181,Taiwan,阿拉思家,Taiwu Coffee Cooperative,300.0,taoyuan city,1,6 kg,2021 / 2022,"January 6th, 2023",Typica,Completed,Pulped natural / honey,7.25,7.42,7.42,7.5,7.42,7.42,10.0,7.42,81.83,11.3,0,0,green,0,01/24,Taiwan Coffee Laboratory,Typica
182,Vietnam,Gaia Farms,Brew Baby Coffee Company,5400.0,Lam Dong Province,1,1 kg,2022 / 2023,"April 10th, 2023",Catimor,Completed,Pulped natural / honey,7.5,7.5,7.25,7.42,7.42,7.42,10.0,7.33,81.83,11.2,0,0,green,4,04/24,Firedancer Coffee Consultants,Catimor
183,Brazil,Sitio Colinas,Coffee Quality Union,1000.0,minesweeper,14,5 kg,2022,"April 7th, 2023",Yellow Catuai,Completed,Pulped natural / honey,7.5,7.5,7.42,7.33,7.33,7.33,10.0,7.42,81.83,11.3,0,0,pale yellow,2,04/24,Japan Coffee Exchange,Yellow Catuai
184,Brazil,Fazenda Olhos Dagua,Mr.Brown Cafe,950.0,South of Minas,325,59 kg,2021,"December 30th, 2022",Catucai,Completed,Natural / Dry,7.42,7.5,7.58,7.33,7.33,7.25,10.0,7.33,81.75,11.1,0,0,yellow-green,0,12/23,Taiwan Coffee Laboratory,Catucai
185,Colombia,More than one,Mr.Brown Cafe,1574.0,Santander,275,70 kg,2021,"December 30th, 2022",Santander,Completed,Washed / Wet,7.33,7.5,7.33,7.42,7.42,7.42,10.0,7.33,81.75,11.2,0,0,yellow-green,0,12/23,Taiwan Coffee Laboratory,Santander
186,Mexico,Finca San José,La Villa Coffee Company LLC,1200.0,"Coatepec, Veracruz",32,69 kg,2021 / 2022,"August 11th, 2022",Typica,Completed,Washed / Wet,7.58,7.42,7.25,7.25,7.5,7.33,10.0,7.33,81.67,11.8,2,0,green,2,08/23,Agroecological Center of Coffee A.C.,Typica
187,Costa Rica,HACIENDA SAN IGNACIO,Grupo ECOM,1200.0,West,100,69 kg,2022 / 2023,"March 29th, 2023",Caturra,Completed,Washed / Wet,7.33,7.42,7.25,7.42,7.42,7.33,10.0,7.42,81.58,9.7,0,2,green,4,03/24,Specialty Coffee Association of Costa Rica,Caturra
188,Taiwan,橫鹿,Taiwu Coffee Cooperative,300.0,New Taipei City,1,100 kg,2021 / 2022,"January 6th, 2023",Typica,Completed,Pulped natural / honey,7.42,7.5,7.33,7.33,7.33,7.33,10.0,7.33,81.58,9.0,0,0,yellow-green,0,01/24,Taiwan Coffee Laboratory,Typica
189,Taiwan,大屯29莊園,Taiwu Coffee Cooperative,435.0,Taipei City,1,8 kg,2021 / 2022,"January 6th, 2023",unknown,Completed,Pulped natural / honey,7.33,7.5,7.42,7.33,7.33,7.25,10.0,7.33,81.5,8.5,0,0,green,0,01/24,Taiwan Coffee Laboratory,unknown
190,Thailand,Doi Tung Development Project,Doi Tung Development Project,1400.0,North of Thailand,2,1 kg,2022,"July 14th, 2022",Java,Completed,Washed / Wet,7.33,7.42,7.25,7.33,7.5,7.42,10.0,7.17,81.42,11.6,2,0,green,1,07/23,FABB Academy of Coffee,Java
191,Thailand,Doi Lan,Taiwan Coffee Laboratory,1400.0,Chiang Rai,5,15 kg,2021,"November 15th, 2022",Typica Bourbon Caturra Catimor,Completed,Natural / Dry,7.42,7.25,7.33,7.42,7.33,7.33,10.0,7.25,81.33,10.5,0,0,yellowish,5,11/23,Taiwan Coffee Laboratory,Typica Bourbon Caturra Catimor
192,Thailand,Doi Tung Development Project,Doi Tung Development Project,700.0,North of Thailand,2,1 kg,2022,"July 14th, 2022",Catimor,Completed,Washed / Wet,7.25,7.25,7.42,7.25,7.42,7.42,10.0,7.17,81.17,10.4,0,0,green,0,07/23,FABB Academy of Coffee,Catimor
193,Colombia,Escalera,Coffee Quality Union,1550.0,Cauca,1,30 kg,2021 / 2022,"December 22nd, 2022","Caturra,Colombia,Castillo",Completed,Washed / Wet,7.42,7.25,7.25,7.42,7.17,7.33,10.0,7.33,81.17,11.4,0,2,greenish,2,12/23,Japan Coffee Exchange,"Caturra,Colombia,Castillo"
194,Brazil,Various farm,Marubeni Corporation,1200.0,Alta Mogiana-Ibiraci,440,60 kg,2022 / 2023,"April 17th, 2023",Unknown,Completed,Natural / Dry,7.42,7.42,7.25,7.25,7.17,7.25,10.0,7.25,81.0,10.6,0,2,greenish,1,04/24,Japan Coffee Exchange,Unknown
195,El Salvador,"Rosario de Maria II, Area de Loma Alta",Aprentium Enterprises LLC,1400.0,"Chinchontepek Volcano, San Vicente, El Salvador",1,2 kg,2023,"March 8th, 2023",Bourbon,Completed,Natural / Dry,7.42,7.33,7.33,7.5,7.08,7.0,10.0,7.17,80.83,10.5,0,8,bluish-green,7,03/24,Salvadoran Coffee Council,Bourbon
196,Nicaragua,EXPORTADORA ATLANTIC S.A,ISHIMITSU,1100.0,Unknown,275,69 kg,2021,"July 11th, 2022",Caturra,Completed,Washed / Wet,7.25,7.25,7.17,7.33,7.08,7.25,10.0,7.17,80.5,11.5,0,1,greenish,3,07/23,Japan Coffee Exchange,Caturra
197,Nicaragua,Sajonia Estate Coffee S.A.,SAJONIA ESTATE COFFEE S.A.,1000.0,Jinotega,275,69 kg,2022 / 2023,"April 20th, 2023",Sarchimor,Completed,Washed / Wet,7.42,7.17,7.0,7.08,7.42,7.17,10.0,7.17,80.42,11.2,0,0,green,5,04/24,Nicaraguan Specialty Coffees Association,Sarchimor
198,Colombia,Finca Mallorca,Coffee Quality Union,1600.0,"Caicedonia, Valle del Cauca",3,10 kg,2022,"March 6th, 2023","Castillo,Caturra,Bourbon",Completed,Washed / Wet,7.25,7.25,7.17,7.33,7.0,7.17,10.0,7.25,80.42,11.0,0,3,greenish,3,03/24,Japan Coffee Exchange,"Castillo,Caturra,Bourbon"
199,Peru,Fundo La Libertad,Itochu Corporation,1600.0,"Chanchamayo, Lamerced",275,69 kg,2022 / 2023,"June 10th, 2022",Caturra,Completed,Washed / Wet,7.5,7.25,7.17,7.17,7.17,7.08,10.0,7.0,80.33,11.8,0,6,greenish,11,06/23,Japan Coffee Exchange,Caturra
200,El Salvador,"Rosario de Maria II, Area de Menjivar",Aprentium Enterprises LLC,1300.0,"Chinchontepek Volcano, San Vicente, El Salvador",1,2 kg,2023,"March 8th, 2023",Pacas,Completed,Natural / Dry,7.08,7.25,7.08,7.42,7.42,7.08,10.0,7.0,80.33,11.5,0,10,bluish-green,7,03/24,Salvadoran Coffee Council,Pacas
201,Brazil,Various farm,marubeni,1200.0,Alta Mogiana-Ibiraci,440,60 kg,2021 / 2022,"July 20th, 2022",Catuai and Mundo Novo,Completed,Natural / Dry,7.25,7.17,7.17,7.08,7.17,7.17,10.0,7.17,80.17,11.6,0,1,greenish,2,07/23,Japan Coffee Exchange,Catuai and Mundo Novo
202,Brazil,Fazenda Conquista,Ipanema Coffees,950.0,South of Minas,2240,60 kg,2022 / 2023,"February 2nd, 2023",Mundo Novo,Completed,Natural / Dry,7.17,7.17,6.92,7.17,7.42,7.17,10.0,7.08,80.08,11.4,0,0,green,4,02/24,Brazil Specialty Coffee Association,Mundo Novo
203,Nicaragua,Finca San Felipe,Exportadora Atlantic S.A,1200.0,matagalpa,300,30 kg,2022 / 2023,"March 3rd, 2023",SHG,Completed,Natural / Dry,7.33,7.08,6.75,7.17,7.42,7.17,10.0,7.08,80.0,10.4,0,2,green,12,03/24,Nicaraguan Specialty Coffees Association,SHG
204,Laos,Unknown,Marubeni Corporation,1300.0,Bolaven Plateau,343,60 kg,2021 / 2022,"November 11th, 2022",Catimor,Completed,Washed / Wet,7.25,7.17,7.08,7.0,7.08,7.08,10.0,7.0,79.67,11.6,0,9,green,11,11/23,Japan Coffee Exchange,Catimor
205,El Salvador,"Rosario de Maria II, Area de La Pila",Aprentium Enterprises LLC,1200.0,"San Vicente Volcano, La Paz, El Salvador",1,2 kg,2023,"March 8th, 2023",Maragogype,Completed,Natural / Dry,6.5,6.75,6.75,7.17,7.08,7.0,10.0,6.83,78.08,11.0,0,12,bluish-green,13,03/24,Salvadoran Coffee Council,Maragogype
206,Brazil,Walter Matter,Descafeinadores Mexicano SA. de CV,975.0,Minas Gerais,600,60 kg,2021 / 2022,"November 18th, 2022",Mundo Novo,Completed,SEMI-LAVADO,7.25,7.08,6.67,6.83,6.83,6.67,10.0,6.67,78.0,11.3,0,0,green,1,11/23,Agroecological Center of Coffee A.C.,Mundo Novo
